{
  "type": "minecraft:decorated",
  "config": {
    "decorator": {
      "type": "minecraft:count_extra",
      "config": {
        "count": 8,
        "extra_count": 0,
        "extra_chance": 0
      }
    },
    "feature": {
      "type": "minecraft:decorated",
      "config": {
        "decorator": {
          "type": "minecraft:square",
          "config": {}
        },
        "feature": {
          "type": "minecraft:random_selector",
          "config": {
            "features": [
              {
                "chance": 0.2,
                "feature": {
                  "type": "minecraft:decorated",
                  "config": {
                    "decorator": {
                      "type": "minecraft:range",
                      "config": {
                        "maximum": 100,
                        "bottom_offset": 0,
                        "top_offset": 0
                      }
                    },
                    "feature": {
                      "type": "minecraft:simple_block",
                      "config": {
                        "to_place": {
                          "Name": "minecraft:chain",
                          "Properties": {
                            "waterlogged": "false",
                            "axis": "y"
                          }
                        },
                        "place_on": [
                          {
                            "Name": "minecraft:air"
                          }
                        ],
                        "place_in": [
                          {
                            "Name": "minecraft:air"
                          }
                        ],
                        "place_under": [
                          {
                            "Name": "minecraft:chain",
                            "Properties": {
                              "axis": "y",
                              "waterlogged": "false"
                            }
                          }
                        ]
                      }
                    }
                  }
                }
              }
            ],
            "default": {
              "type": "minecraft:decorated",
              "config": {
                "decorator": {
                  "type": "minecraft:range",
                  "config": {
                    "maximum": 100,
                    "bottom_offset": 0,
                    "top_offset": 0
                  }
                },
                "feature": {
                  "type": "minecraft:simple_block",
                  "config": {
                    "to_place": {
                      "Name": "minecraft:chain",
                      "Properties": {
                        "axis": "y",
                        "waterlogged": "false"
                      }
                    },
                    "place_on": [
                      {
                        "Name": "minecraft:chain",
                        "Properties": {
                          "axis": "y",
                          "waterlogged": "false"
                        }
                      }
                    ],
                    "place_in": [
                      {
                        "Name": "minecraft:air"
                      }
                    ],
                    "place_under": [
                      {
                        "Name": "minecraft:prismarine_bricks"
                      },
                      {
                        "Name": "minecraft:prismarine"
                      }
                    ]
                  }
                }
              }
            }
          }
        }
      }
    }
  }
}
