{
  "type": "minecraft:decorated",
  "config": {
    "decorator": {
      "type": "minecraft:top_solid_heightmap",
      "config": {}
    },
    "feature": {
      "type": "minecraft:decorated",
      "config": {
        "decorator": {
          "type": "minecraft:square",
          "config": {}
        },
        "feature": {
          "type": "minecraft:tree",
          "config": {
            "max_water_depth": 0,
            "ignore_vines": true,
            "heightmap": "MOTION_BLOCKING_NO_LEAVES",
            "minimum_size": {
              "type": "minecraft:two_layers_feature_size"
            },
            "trunk_provider": {
              "type": "minecraft:weighted_state_provider",
              "entries": [
                {
                  "weight": 1,
                  "data": {
                    "Name": "minecraft:purpur_block"
                  }
                },
                {
                  "weight": 4,
                  "data": {
                    "Name": "minecraft:purpur_pillar",
                    "Properties": {
                      "axis": "y"
                    }
                  }
                }
              ]
            },
            "leaves_provider": {
              "type": "minecraft:simple_state_provider",
              "state": {
                "Name": "minecraft:warped_nylium"
              }
            },
            "trunk_placer": {
              "type": "minecraft:dark_oak_trunk_placer",
              "base_height": 32,
              "height_rand_a": 2,
              "height_rand_b": 0
            },
            "foliage_placer": {
              "type": "minecraft:dark_oak_foliage_placer",
              "radius": 8,
              "offset": 0
            },
            "decorators": [
              {
                "type": "minecraft:alter_ground",
                "provider": {
                  "type": "minecraft:simple_state_provider",
                  "state": {
                    "Name": "minecraft:end_stone_bricks"
                  }
                }
              }
            ]
          }
        }
      }
    }
  }
}
