{
  "type": "minecraft:decorated",
  "config": {
    "decorator": {
      "type": "minecraft:count_extra",
      "config": {
        "count": 2,
        "extra_count": 0,
        "extra_chance": 0
      }
    },
    "feature": {
      "type": "minecraft:decorated",
      "config": {
        "decorator": {
          "type": "minecraft:square",
          "config": {}
        },
        "feature": {
          "type": "minecraft:decorated",
          "config": {
            "decorator": {
              "type": "minecraft:heightmap_world_surface",
              "config": {}
            },
            "feature": {
              "type": "minecraft:decorated",
              "config": {
                "decorator": {
                  "type": "minecraft:count_extra",
                  "config": {
                    "count": 2,
                    "extra_count": 1,
                    "extra_chance": 0.5
                  }
                },
                "feature": {
                  "type": "minecraft:block_pile",
                  "config": {
                    "state_provider": {
                      "type": "minecraft:simple_state_provider",
                      "state": {
                        "Name": "minecraft:dark_prismarine"
                      }
                    }
                  }
                }
              }
            }
          }
        }
      }
    }
  }
}
